,material_id
0,mp-5784
1,mp-23004
2,mp-4681
3,mp-555064
4,mp-19120
5,mp-493
6,mp-9325
7,mp-4653
8,mp-18782
9,mp-30746
10,mp-903
11,mp-540999
12,mp-585
13,mp-1882
14,mp-72
15,mp-13172
16,mp-317
17,mp-8022
18,mp-5659
19,mp-5436
20,mp-44
21,mp-5921
22,mp-20032
23,mp-19809
24,mp-11299
25,mp-18966
26,mp-4163
27,mp-15805
28,mp-7798
29,mp-11192
30,mp-11754
31,mp-2132
32,mp-1936
33,mp-12863
34,mp-13164
35,mp-12118
36,mp-4441
37,mp-546279
38,mp-10255
39,mp-21296
40,mp-19968
41,mp-29596
42,mp-2695
43,mp-568961
44,mp-30209
45,mp-556084
46,mp-274
47,mp-4878
48,mp-510347
49,mp-12700
50,mp-30953
51,mp-22903
52,mp-20695
53,mp-12585
54,mp-4131
55,mp-23704
56,mp-10736
57,mp-7459
58,mp-20791
59,mp-2644
60,mp-19946
61,mp-27827
62,mp-12972
63,mp-568402
64,mp-5478
65,mp-27865
66,mp-4711
67,mp-229
68,mp-22899
69,mp-18766
70,mp-30435
71,mp-22598
72,mp-4763
73,mp-567703
74,mp-2515
75,mp-1387
76,mp-570713
77,mp-948
78,mp-20940
79,mp-1482
80,mp-568880
81,mp-557862
82,mp-1121
83,mp-11498
84,mp-27713
85,mp-634676
86,mp-615314
87,mp-23526
88,mp-559691
89,mp-559470
90,mp-982385
91,mp-23807
92,mp-570769
93,mp-22565
94,mp-11883
95,mp-18819
96,mp-569346
97,mp-20327
98,mp-1067
99,mp-4813
100,mp-10256
101,mp-9988
102,mp-5787
103,mp-31055
104,mp-22894
105,mp-5670
106,mp-556546
107,mp-3623
108,mp-15053
109,mp-20426
110,mp-19435
111,mp-504591
112,mp-17177
113,mp-569989
114,mp-21893
115,mp-5479
116,mp-8703
117,mp-23157
118,mp-11413
119,mp-17577
120,mp-672299
121,mp-7700
122,mp-82
123,mp-34903
124,mp-788
125,mp-2287
126,mp-5513
127,mp-11694
128,mp-8603
129,mp-9951
130,mp-4019
131,mp-27145
132,mp-815
133,mp-2121
134,mp-2172
135,mp-4262
136,mp-7073
137,mp-1278
138,mp-570491
139,mp-31185
140,mp-2160
141,mp-795
142,mp-11471
143,mp-18875
144,mp-11684
145,mp-91
146,mp-23426
147,mp-557
148,mp-12565
149,mp-1314
150,mp-19149
151,mp-21188
152,mp-203
153,mp-2677
154,mp-556417
155,mp-3726
156,mp-20284
157,mp-25082
158,mp-11516
159,mp-9588
160,mp-8982
161,mp-11521
162,mp-616575
163,mp-644481
164,mp-16488
165,mp-1200
166,mp-561877
167,mp-20862
168,mp-2123
169,mp-2512
170,mp-2225
171,mp-24719
172,mp-1017
173,mp-22493
174,mp-7475
175,mp-23034
176,mp-81
177,mp-16238
178,mp-569073
179,mp-11519
180,mp-1714
181,mp-504935
182,mp-1114
183,mp-8621
184,mp-568002
185,mp-27455
186,mp-23406
187,mp-757
188,mp-7595
189,mp-7482
190,mp-29638
191,mp-11360
192,mp-11482
193,mp-1128
194,mp-48
195,mp-18852
196,mp-568560
197,mp-1221
198,mp-28825
199,mp-1985
200,mp-20840
201,mp-556041
202,mp-23702
203,mp-1477
204,mp-571263
205,mp-3441
206,mp-8511
207,mp-23956
208,mp-30871
209,mp-11259
210,mp-7339
211,mp-505554
212,mp-9063
213,mp-16905
214,mp-5396
215,mp-20283
216,mp-2674
217,mp-22258
218,mp-11288
219,mp-619032
220,mp-11808
221,mp-2319
222,mp-94
223,mp-12065
224,mp-3838
225,mp-11227
226,mp-5748
227,mp-7376
228,mp-110
229,mp-636334
230,mp-568595
231,mp-15901
232,mp-1260
233,mp-30427
234,mp-560976
235,mp-510557
236,mp-20007
237,mp-551
238,mp-19895
239,mp-2793
240,mp-2283
241,mp-31118
242,mp-569250
243,mp-15679
244,mp-8046
245,mp-1689
246,mp-2420
247,mp-846
248,mp-486
249,mp-370
250,mp-10440
251,mp-5388
252,mp-30856
253,mp-3021
254,mp-643257
255,mp-570436
256,mp-5048
257,mp-567629
258,mp-1086
259,mp-10457
260,mp-570196
261,mp-1395
262,mp-29826
263,mp-11233
264,mp-568827
265,mp-33031
266,mp-17856
267,mp-22154
268,mp-1159
269,mp-1124
270,mp-1953
271,mp-7707
272,mp-30671
273,mp-22318
274,mp-4798
275,mp-569857
276,mp-569511
277,mp-2619
278,mp-30656
279,mp-4938
280,mp-4472
281,mp-2363
282,mp-2933
283,mp-22962
284,mp-1672
285,mp-9743
286,mp-162
287,mp-7892
288,mp-16263
289,mp-7191
290,mp-22662
291,mp-11533
292,mp-30408
293,mp-554451
294,mp-28753
295,mp-19835
296,mp-12177
297,mp-669382
298,mp-16304
299,mp-4481
300,mp-23208
301,mp-1025550
302,mp-2772
303,mp-18093
304,mp-504
305,mp-568747
306,mp-13512
307,mp-2033
308,mp-7070
309,mp-567769
310,mp-27577
311,mp-24237
312,mp-12761
313,mp-778
314,mp-9960
315,mp-7544
316,mp-18137
317,mp-554804
318,mp-7859
319,mp-4488
320,mp-30581
321,mp-13944
322,mp-8871
323,mp-23431
324,mp-117
325,mp-11256
326,mp-11512
327,mp-8310
328,mp-8039
329,mp-2811
330,mp-1025500
331,mp-4533
332,mp-7352
333,mp-2480
334,mp-556415
335,mp-11560
336,mp-1695
337,mp-7931
338,mp-29076
339,mp-15649
340,mp-643
341,mp-540912
342,mp-570677
343,mp-1152
344,mp-9459
345,mp-45
346,mp-570722
347,mp-249
348,mp-932
349,mp-3751
350,mp-15780
351,mp-3887
352,mp-30952
353,mp-27976
354,mp-601193
355,mp-22992
356,mp-2053
357,mp-1169
358,mp-3359
359,mp-11252
360,mp-22735
361,mp-569803
362,mp-3503
363,mp-2730
364,mp-571555
365,mp-21199
366,mp-22265
367,mp-28736
368,mp-28980
369,mp-540924
370,mp-6988
371,mp-570963
372,mp-3791
373,mp-31219
374,mp-29900
375,mp-3390
376,mp-600124
377,mp-2012
378,mp-697179
379,mp-5213
380,mp-556026
381,mp-1437
382,mp-9595
383,mp-2210
384,mp-124
385,mp-640095
386,mp-1865
387,mp-11411
388,mp-1963
389,mp-36480
390,mp-542496
391,mp-573755
392,mp-3161
393,mp-24152
394,mp-22950
395,mp-18965
396,mp-5933
397,mp-5938
398,mp-754515
399,mp-7435
400,mp-557938
401,mp-696
402,mp-567279
403,mp-570002
404,mp-19318
405,mp-23339
406,mp-1831
407,mp-1025441
408,mp-6606
409,mp-2306
410,mp-31459
411,mp-2606
412,mp-30598
413,mp-18848
414,mp-23002
415,mp-30725
416,mp-8800
417,mp-543001
418,mp-16246
419,mp-2809
420,mp-2478
421,mp-12723
422,mp-4978
423,mp-4824
424,mp-22887
425,mp-643009
426,mp-1943
427,mp-7909
428,mp-11658
429,mp-23263
430,mp-23282
431,mp-823
432,mp-9810
433,mp-20674
434,mp-21141
435,mp-27367
436,mp-7939
437,mp-22754
438,mp-571160
439,mp-568912
440,mp-3642
441,mp-7822
442,mp-142
443,mp-1135
444,mp-12657
445,mp-18725
446,mp-12622
447,mp-11073
448,mp-21233
449,mp-569152
450,mp-4096
451,mp-10893
452,mp-23227
453,mp-9023
454,mp-21609
455,mp-1129
456,mp-15965
457,mp-19856
458,mp-1804
459,mp-22584
460,mp-28110
461,mp-30354
462,mp-9583
463,mp-22590
464,mp-11431
465,mp-569423
466,mp-258
467,mp-569446
468,mp-3792
469,mp-1045
470,mp-3519
471,mp-20533
472,mp-1364
473,mp-29152
474,mp-22863
475,mp-29009
476,mp-24504
477,mp-825
478,mp-30423
479,mp-3158
480,mp-1649
481,mp-313
482,mp-19765
483,mp-29752
484,mp-20987
485,mp-2536
486,mp-640885
487,mp-21090
488,mp-559122
489,mp-23158
490,mp-557266
491,mp-5549
492,mp-2564
493,mp-5223
494,mp-20310
495,mp-2824
496,mp-10371
497,mp-505206
498,mp-11879
499,mp-24289
500,mp-31140
501,mp-844
502,mp-9958
503,mp-485
504,mp-20689
505,mp-11280
506,mp-30472
507,mp-21029
508,mp-21145
509,mp-7140
510,mp-22447
511,mp-23499
512,mp-1164
513,mp-165
514,mp-7644
515,mp-17875
516,mp-11345
517,mp-11454
518,mp-28549
519,mp-570197
520,mp-35082
521,mp-328
522,mp-504445
523,mp-12678
524,mp-22947
525,mp-30062
526,mp-29862
527,mp-23714
528,mp-50
529,mp-7219
530,mp-622497
531,mp-567220
532,mp-23262
533,mp-12777
534,mp-1982
535,mp-4964
536,mp-554107
537,mp-12802
538,mp-39
539,mp-2
540,mp-642855
541,mp-21316
542,mp-29259
543,mp-15316
544,mp-3196
545,mp-1425
546,mp-22870
547,mp-20361
548,mp-867515
549,mp-21859
550,mp-10379
551,mp-30383
552,mp-10322
553,mp-2827
554,mp-4008
555,mp-6521
556,mp-3038
557,mp-19094
558,mp-672
559,mp-28568
560,mp-1652
561,mp-9916
562,mp-30353
563,mp-11565
564,mp-27393
565,mp-570960
566,mp-568436
567,mp-545974
568,mp-9945
569,mp-108
570,mp-5881
571,mp-1299
572,mp-9307
573,mp-20683
574,mp-561511
575,mp-20699
576,mp-570334
577,mp-18905
578,mp-29015
579,mp-27743
580,mp-33009
581,mp-642659
582,mp-1890
583,mp-11578
584,mp-639874
585,mp-4770
586,mp-5692
587,mp-5229
588,mp-541037
589,mp-1682
590,mp-556609
591,mp-31301
592,mp-23237
593,mp-23297
594,mp-9690
595,mp-2979
596,mp-30882
597,mp-8282
598,mp-542812
599,mp-2352
600,mp-13
601,mp-7483
602,mp-569364
603,mp-30784
604,mp-567601
605,mp-12558
606,mp-1001019
607,mp-12564
608,mp-20495
609,mp-580357
610,mp-933
611,mp-567337
612,mp-30451
613,mp-4368
614,mp-10184
615,mp-16483
616,mp-1932
617,mp-1211
618,mp-21313
619,mp-2454
620,mp-10143
621,mp-30685
622,mp-570684
623,mp-680932
624,mp-2839
625,mp-17783
626,mp-1500
627,mp-30780
628,mp-1630
629,mp-21003
630,mp-921
631,mp-21289
632,mp-7582
633,mp-31337
634,mp-21241
635,mp-219
636,mp-568865
637,mp-679
638,mp-7829
639,mp-11283
640,mp-4247
641,mp-30028
642,mp-31383
643,mp-23710
644,mp-29400
645,mp-4438
646,mp-7434
647,mp-5869
648,mp-12778
649,mp-10666
650,mp-22848
651,mp-18712
652,mp-13982
653,mp-17862
654,mp-1522
655,mp-22749
656,mp-11675
657,mp-22518
658,mp-559276
659,mp-2795
660,mp-30774
661,mp-1016200
662,mp-390
663,mp-9778
664,mp-19231
665,mp-22426
666,mp-30
667,mp-13311
668,mp-7574
669,mp-1018102
670,mp-30312
671,mp-1658
672,mp-10037
673,mp-30852
674,mp-601285
675,mp-16564
676,mp-10892
677,mp-615
678,mp-11190
679,mp-634859
680,mp-562
681,mp-16053
682,mp-1380
683,mp-1687
684,mp-15252
685,mp-504703
686,mp-2271
687,mp-21662
688,mp-700
689,mp-11441
690,mp-571443
691,mp-672265
692,mp-4316
693,mp-10445
694,mp-17287
695,mp-6962
696,mp-443
697,mp-23038
698,mp-429
699,mp-987
700,mp-505822
701,mp-12927
702,mp-1274
703,mp-558046
704,mp-14600
705,mp-4730
706,mp-31116
707,mp-725
708,mp-21449
709,mp-9920
710,mp-20407
711,mp-571133
712,mp-30551
713,mp-1027
714,mp-567308
715,mp-9687
716,mp-14090
717,mp-16266
718,mp-30227
719,mp-22410
720,mp-557373
721,mp-6008
722,mp-20351
723,mp-879
724,mp-1867
725,mp-2775
726,mp-1009129
727,mp-8311
728,mp-27754
729,mp-23295
730,mp-11456
731,mp-9996
732,mp-1585
733,mp-10700
734,mp-1727
735,mp-1220
736,mp-12268
737,mp-541989
738,mp-571664
739,mp-9938
740,mp-9969
741,mp-569298
742,mp-504974
743,mp-66
744,mp-22956
745,mp-2776
746,mp-10615
747,mp-41
748,mp-20424
749,mp-11270
750,mp-1102
751,mp-7709
752,mp-570379
753,mp-934
754,mp-22722
755,mp-640266
756,mp-3677
757,mp-23350
758,mp-567744
759,mp-30884
760,mp-27757
761,mp-7350
762,mp-5152
763,mp-22508
764,mp-505215
765,mp-11113
766,mp-30886
767,mp-568607
768,mp-542903
769,mp-7848
770,mp-15179
771,mp-15297
772,mp-1403
773,mp-556075
774,mp-7906
775,mp-16334
776,mp-1272
777,mp-4826
778,mp-1005
779,mp-28610
780,mp-11275
781,mp-30722
782,mp-215
783,mp-10463
784,mp-22220
785,mp-29502
786,mp-5387
787,mp-22060
788,mp-15642
789,mp-22212
790,mp-22191
791,mp-571636
792,mp-695
793,mp-20817
794,mp-31011
795,mp-9610
796,mp-1851
797,mp-7576
798,mp-570632
799,mp-23214
800,mp-11191
801,mp-777413
802,mp-19955
803,mp-2815
804,mp-30811
805,mp-8786
806,mp-19917
807,mp-550
808,mp-22079
809,mp-17095
810,mp-29751
811,mp-2932
812,mp-13416
813,mp-10173
814,mp-31063
815,mp-4264
816,mp-28084
817,mp-9556
818,mp-4697
819,mp-9179
820,mp-30452
821,mp-12630
822,mp-22391
823,mp-12903
824,mp-10162
825,mp-555229
826,mp-996162
827,mp-14019
828,mp-550893
829,mp-16481
830,mp-19148
831,mp-7469
832,mp-582011
833,mp-7032
834,mp-20754
835,mp-10597
836,mp-31297
837,mp-7361
838,mp-8622
839,mp-11499
840,mp-24093
841,mp-5515
842,mp-341
843,mp-30727
844,mp-504651
845,mp-559798
846,mp-22701
847,mp-19163
848,mp-30835
849,mp-9972
850,mp-251
851,mp-650
852,mp-570099
853,mp-3469
854,mp-30437
855,mp-1018809
856,mp-21462
857,mp-11237
858,mp-670
859,mp-19328
860,mp-4867
861,mp-569106
862,mp-23477
863,mp-27934
864,mp-5025
865,mp-568901
866,mp-19833
867,mp-30461
868,mp-567929
869,mp-9989
870,mp-20474
871,mp-2517
872,mp-568746
873,mp-9254
874,mp-19226
875,mp-10259
876,mp-11500
877,mp-29047
878,mp-9768
879,mp-636320
880,mp-672371
881,mp-10616
882,mp-135
883,mp-8446
884,mp-20083
885,mp-556
886,mp-7916
887,mp-4586
888,mp-9921
889,mp-569895
890,mp-10847
891,mp-12359
892,mp-8560
893,mp-13513
894,mp-2291
895,mp-19167
896,mp-14433
897,mp-11307
898,mp-561033
899,mp-12884
900,mp-4359
901,mp-1340
902,mp-569834
903,mp-3081
904,mp-31212
905,mp-27888
906,mp-21164
907,mp-20197
908,mp-558432
909,mp-1775
910,mp-18257
911,mp-136
912,mp-27821
913,mp-1002136
914,mp-18922
915,mp-11452
916,mp-15685
917,mp-2070
918,mp-1479
919,mp-22344
920,mp-553310
921,mp-672661
922,mp-1018115
923,mp-9961
924,mp-4551
925,mp-28339
926,mp-22315
927,mp-4612
928,mp-3618
929,mp-10021
930,mp-1409
931,mp-4984
932,mp-1120
933,mp-16493
934,mp-18105
935,mp-5597
936,mp-4180
937,mp-18750
938,mp-15643
939,mp-742
940,mp-20257
941,mp-29066
942,mp-496
943,mp-2794
944,mp-21336
945,mp-31080
946,mp-12781
947,mp-23475
948,mp-590
949,mp-9324
950,mp-643243
951,mp-5251
952,mp-4613
953,mp-19962
954,mp-22270
955,mp-2008
956,mp-21471
957,mp-30851
958,mp-19943
959,mp-22029
960,mp-1590
961,mp-30147
962,mp-4668
963,mp-17478
964,mp-12614
965,mp-540925
966,mp-571193
967,mp-593
968,mp-4664
969,mp-30315
970,mp-755100
971,mp-22889
972,mp-20001
973,mp-5305
974,mp-10887
975,mp-4091
976,mp-20725
977,mp-1020059
978,mp-27927
979,mp-545756
980,mp-558518
981,mp-27207
982,mp-7857
983,mp-238
984,mp-540957
985,mp-21318
986,mp-11593
987,mp-9158
988,mp-28282
989,mp-11175
990,mp-7384
991,mp-8677
992,mp-7498
993,mp-20192
994,mp-224
995,mp-755
996,mp-568446
997,mp-23506
998,mp-1439
999,mp-5920
1000,mp-3515
1001,mp-1077
1002,mp-1969
1003,mp-30672
1004,mp-21059
1005,mp-873
1006,mp-8093
1007,mp-1718
1008,mp-1222
1009,mp-856
1010,mp-33137
1011,mp-574025
1012,mp-8200
1013,mp-12559
1014,mp-505781
1015,mp-2286
1016,mp-22922
1017,mp-2723
1018,mp-8772
1019,mp-560530
1020,mp-949
1021,mp-4079
1022,mp-1961
1023,mp-9578
1024,mp-1935
1025,mp-16993
1026,mp-28145
1027,mp-4626
1028,mp-1394
1029,mp-22390
1030,mp-569544
1031,mp-12906
1032,mp-7929
1033,mp-864931
1034,mp-28835
1035,mp-171
1036,mp-1543
1037,mp-1020019
1038,mp-9549
1039,mp-1580
1040,mp-9923
1041,mp-23219
1042,mp-5063
1043,mp-2209
1044,mp-1929
1045,mp-13447
1046,mp-559044
1047,mp-30501
1048,mp-23
1049,mp-23121
1050,mp-30562
1051,mp-1021323
1052,mp-2355
1053,mp-9548
1054,mp-2410
1055,mp-697126
1056,mp-20661
1057,mp-30788
1058,mp-11385
1059,mp-9665
1060,mp-27731
1061,mp-451
1062,mp-11513
1063,mp-20932
1064,mp-505820
1065,mp-708
1066,mp-720
1067,mp-569849
1068,mp-5671
1069,mp-384
1070,mp-4478
1071,mp-21342
1072,mp-2340
1073,mp-697068
1074,mp-30351
1075,mp-567389
1076,mp-14753
1077,mp-10311
1078,mp-4997
1079,mp-31043
1080,mp-31502
1081,mp-6094
1082,mp-2918
1083,mp-14827
1084,mp-27972
1085,mp-5594
1086,mp-19905
1087,mp-4471
1088,mp-30599
1089,mp-568346
1090,mp-22872
1091,mp-20485
1092,mp-29374
1093,mp-1105
1094,mp-690760
1095,mp-28630
1096,mp-622570
1097,mp-17554
1098,mp-29621
1099,mp-20492
1100,mp-1545
1101,mp-569558
1102,mp-380
1103,mp-570670
1104,mp-31454
1105,mp-570001
1106,mp-20315
1107,mp-9027
1108,mp-21175
1109,mp-8042
1110,mp-6926
1111,mp-1475
1112,mp-505527
1113,mp-21035
1114,mp-634381
1115,mp-999133
1116,mp-5149
1117,mp-5637
1118,mp-12480
1119,mp-569383
1120,mp-20551
1121,mp-22731
1122,mp-9801
1123,mp-1749
1124,mp-4120
1125,mp-21235
1126,mp-27243
1127,mp-27975
1128,mp-11236
1129,mp-20801
1130,mp-22980
1131,mp-1229
1132,mp-998949
1133,mp-2114
1134,mp-19178
1135,mp-568349
1136,mp-7908
1137,mp-21455
1138,mp-569265
1139,mp-5967
1140,mp-8126
1141,mp-11261
1142,mp-695998
1143,mp-3163
1144,mp-5285
1145,mp-188
1146,mp-10456
1147,mp-30488
1148,mp-12794
1149,mp-31205
1150,mp-1416
1151,mp-2108
1152,mp-927
1153,mp-28319
1154,mp-15695
1155,mp-571458
1156,mp-473
1157,mp-22040
1158,mp-23173
1159,mp-30594
1160,mp-58
1161,mp-616378
1162,mp-569289
1163,mp-27793
1164,mp-8401
1165,mp-2501
1166,mp-505766
1167,mp-2624
1168,mp-544
1169,mp-4753
1170,mp-4691
1171,mp-22027
1172,mp-21030
1173,mp-2800
1174,mp-1852
1175,mp-23514
1176,mp-12608
1177,mp-20937
1178,mp-5046
1179,mp-567597
1180,mp-5259
1181,mp-191
1182,mp-10198
1183,mp-30875
1184,mp-1521
1185,mp-27198
1186,mp-29153
1187,mp-568106
1188,mp-20049
1189,mp-567484
1190,mp-542429
1191,mp-291
1192,mp-570553
1193,mp-639659
1194,mp-613327
1195,mp-1915
1196,mp-1786
1197,mp-1444
1198,mp-1073
1199,mp-16916
1200,mp-570219
1201,mp-568866
1202,mp-5699
1203,mp-559390
1204,mp-30684
1205,mp-20313
1206,mp-2807
1207,mp-22637
1208,mp-2406
1209,mp-3827
1210,mp-10133
1211,mp-1885
1212,mp-20572
1213,mp-19896
1214,mp-13496
1215,mp-833
1216,mp-4253
1217,mp-570510
1218,mp-7928
1219,mp-2133
1220,mp-23264
1221,mp-7427
1222,mp-10895
1223,mp-12716
1224,mp-555162
1225,mp-31467
1226,mp-1922
1227,mp-820
1228,mp-1356
1229,mp-7343
1230,mp-567771
1231,mp-568014
1232,mp-21104
1233,mp-21158
1234,mp-560588
1235,mp-510421
1236,mp-30765
1237,mp-570578
1238,mp-5129
1239,mp-30208
1240,mp-842
1241,mp-569167
1242,mp-9954
1243,mp-2634
1244,mp-226
1245,mp-560663
1246,mp-570232
1247,mp-16524
1248,mp-450
1249,mp-18972
1250,mp-22856
1251,mp-448
1252,mp-3736
1253,mp-29154
1254,mp-7603
1255,mp-19025
1256,mp-372
1257,mp-11470
1258,mp-7632
1259,mp-10885
1260,mp-10759
1261,mp-2894
1262,mp-21447
1263,mp-1145
1264,mp-2691
1265,mp-5724
1266,mp-5163
1267,mp-22469
1268,mp-29145
1269,mp-9948
1270,mp-552024
1271,mp-23711
1272,mp-1654
1273,mp-505531
1274,mp-31187
1275,mp-18288
1276,mp-2490
1277,mp-10706
1278,mp-11977
1279,mp-30847
1280,mp-28683
1281,mp-514
1282,mp-12773
1283,mp-3315
1284,mp-28460
1285,mp-30764
1286,mp-24286
1287,mp-2083
1288,mp-23041
1289,mp-20202
1290,mp-27471
1291,mp-1025497
1292,mp-3701
1293,mp-10182
1294,mp-811
1295,mp-27257
1296,mp-1592
1297,mp-27831
1298,mp-20563
1299,mp-20860
1300,mp-28266
1301,mp-869
1302,mp-14763
1303,mp-568636
1304,mp-10890
1305,mp-30084
1306,mp-22925
1307,mp-645159
1308,mp-549
1309,mp-9835
1310,mp-11460
1311,mp-6969
1312,mp-1393
1313,mp-31326
1314,mp-556324
1315,mp-643063
1316,mp-23712
1317,mp-27828
1318,mp-571438
1319,mp-5427
1320,mp-1769
1321,mp-22725
1322,mp-10426
1323,mp-15987
1324,mp-571619
1325,mp-1253
1326,mp-6408
1327,mp-23251
1328,mp-2311
1329,mp-29026
1330,mp-2031
1331,mp-9956
1332,mp-567278
1333,mp-30745
1334,mp-5127
1335,mp-504708
1336,mp-2831
1337,mp-21124
1338,mp-11025
1339,mp-861738
1340,mp-20841
1341,mp-505244
1342,mp-19372
1343,mp-1357
1344,mp-917
1345,mp-85
1346,mp-3255
1347,mp-1279
1348,mp-18988
1349,mp-21216
1350,mp-510623
1351,mp-13450
1352,mp-6914
1353,mp-16775
1354,mp-1232
1355,mp-1019612
1356,mp-635
1357,mp-20997
1358,mp-5733
1359,mp-636328
1360,mp-688785
1361,mp-22167
1362,mp-19928
1363,mp-13583
1364,mp-10446
1365,mp-4852
1366,mp-891
1367,mp-22535
1368,mp-22052
1369,mp-2432
1370,mp-1825
1371,mp-19079
1372,mp-2604
1373,mp-29111
1374,mp-7086
1375,mp-567698
1376,mp-10985
1377,mp-640024
1378,mp-3881
1379,mp-1099
1380,mp-8352
1381,mp-542106
1382,mp-22939
1383,mp-20145
1384,mp-541289
1385,mp-4248
1386,mp-5323
1387,mp-1459
1388,mp-2339
1389,mp-30758
1390,mp-31119
1391,mp-27606
1392,mp-4989
1393,mp-13920
1394,mp-2242
1395,mp-2773
1396,mp-16529
1397,mp-15397
1398,mp-21179
1399,mp-24192
1400,mp-4238
1401,mp-4043
1402,mp-14099
1403,mp-3909
1404,mp-23141
1405,mp-34857
1406,mp-11201
1407,mp-11176
1408,mp-5042
1409,mp-570698
1410,mp-22396
1411,mp-16349
1412,mp-11550
1413,mp-10898
1414,mp-2589
1415,mp-2211
1416,mp-9964
1417,mp-5625
1418,mp-27930
1419,mp-20401
1420,mp-22400
1421,mp-568495
1422,mp-569151
1423,mp-7818
1424,mp-22864
1425,mp-7204
1426,mp-22904
1427,mp-16043
1428,mp-992
1429,mp-22414
1430,mp-27891
1431,mp-11247
1432,mp-570150
1433,mp-22867
1434,mp-9248
1435,mp-30798
1436,mp-10601
1437,mp-3340
1438,mp-23179
1439,mp-4492
1440,mp-1139
1441,mp-19019
1442,mp-567244
1443,mp-4200
1444,mp-29396
1445,mp-2682
1446,mp-10270
1447,mp-568920
1448,mp-510311
1449,mp-12659
1450,mp-12674
1451,mp-929
1452,mp-38725
1453,mp-605028
1454,mp-571143
1455,mp-556605
1456,mp-569886
1457,mp-10694
1458,mp-16336
1459,mp-22759
1460,mp-27882
1461,mp-625
1462,mp-1058
1463,mp-3521
1464,mp-973217
1465,mp-7739
1466,mp-31081
1467,mp-542854
1468,mp-10289
1469,mp-2858
1470,mp-13911
1471,mp-541047
1472,mp-12105
1473,mp-9306
1474,mp-682
1475,mp-56
1476,mp-9970
1477,mp-505804
1478,mp-23021
1479,mp-1509
1480,mp-541785
1481,mp-541013
1482,mp-570198
1483,mp-834
1484,mp-21374
1485,mp-1132
1486,mp-558149
1487,mp-571147
1488,mp-22636
1489,mp-3849
1490,mp-22478
1491,mp-22268
1492,mp-15659
1493,mp-12580
1494,mp-11918
1495,mp-7092
1496,mp-6353
1497,mp-22717
1498,mp-11523
1499,mp-24409
1500,mp-11947
1501,mp-1539
1502,mp-2234
1503,mp-1550
1504,mp-345
1505,mp-9573
1506,mp-10015
1507,mp-23425
1508,mp-12631
1509,mp-6633
1510,mp-29658
1511,mp-1432
1512,mp-22232
1513,mp-9574
1514,mp-11412
1515,mp-4876
1516,mp-561664
1517,mp-13156
1518,mp-122
1519,mp-22463
1520,mp-10712
1521,mp-21248
1522,mp-24148
1523,mp-1688
1524,mp-19420
1525,mp-30778
1526,mp-542435
1527,mp-2000
1528,mp-15635
1529,mp-30444
1530,mp-1138
1531,mp-2649
1532,mp-10749
1533,mp-11358
1534,mp-22769
1535,mp-11571
1536,mp-2006
1537,mp-605663
1538,mp-567657
1539,mp-560340
1540,mp-4259
1541,mp-20554
1542,mp-10891
1543,mp-567666
1544,mp-10734
1545,mp-4181
1546,mp-16337
1547,mp-573
1548,mp-3464
1549,mp-569683
1550,mp-570452
1551,mp-15661
1552,mp-1734
1553,mp-2542
1554,mp-4138
1555,mp-2049
1556,mp-672645
1557,mp-4499
1558,mp-173
1559,mp-27275
1560,mp-46
1561,mp-20465
1562,mp-731
1563,mp-7907
1564,mp-517
1565,mp-30686
1566,mp-79
1567,mp-996
1568,mp-20320
1569,mp-218
1570,mp-9898
1571,mp-21260
1572,mp-457
1573,mp-3164
1574,mp-7832
1575,mp-568848
1576,mp-395
1577,mp-17383
1578,mp-550172
1579,mp-2089
1580,mp-15777
1581,mp-11537
1582,mp-697030
1583,mp-134
1584,mp-571440
1585,mp-4175
1586,mp-568673
1587,mp-12725
1588,mp-15322
1589,mp-31455
1590,mp-510536
1591,mp-669692
1592,mp-2931
1593,mp-5827
1594,mp-14092
1595,mp-22619
1596,mp-13155
1597,mp-7936
1598,mp-16254
1599,mp-1572
1600,mp-672234
1601,mp-30491
1602,mp-2580
1603,mp-31468
1604,mp-22389
1605,mp-5840
1606,mp-677105
1607,mp-569779
1608,mp-568931
1609,mp-31153
1610,mp-20740
1611,mp-316
1612,mp-23846
1613,mp-126
1614,mp-4117
1615,mp-3917
1616,mp-31086
1617,mp-614603
1618,mp-5621
1619,mp-11547
1620,mp-4628
1621,mp-30175
1622,mp-567750
1623,mp-8682
1624,mp-30410
1625,mp-29352
1626,mp-20971
1627,mp-12623
1628,mp-22914
1629,mp-30019
1630,mp-22522
1631,mp-7524
1632,mp-810
1633,mp-570213
1634,mp-626620
1635,mp-12954
1636,mp-5878
1637,mp-17892
1638,mp-10497
1639,mp-557939
1640,mp-557753
1641,mp-2449
1642,mp-9563
1643,mp-21286
1644,mp-2170
1645,mp-190
1646,mp-21301
1647,mp-28897
1648,mp-1001581
1649,mp-613523
1650,mp-20565
1651,mp-567395
1652,mp-23870
1653,mp-30428
1654,mp-30069
1655,mp-600576
1656,mp-2458
1657,mp-7868
1658,mp-27920
1659,mp-2675
1660,mp-35785
1661,mp-13312
1662,mp-9719
1663,mp-2895
1664,mp-55
1665,mp-2500
1666,mp-24154
1667,mp-10669
1668,mp-2284
1669,mp-4563
1670,mp-5928
1671,mp-559200
1672,mp-28907
1673,mp-2430
1674,mp-22065
1675,mp-8543
1676,mp-510441
1677,mp-569671
1678,mp-30885
1679,mp-10300
1680,mp-11169
1681,mp-29663
1682,mp-557523
1683,mp-28232
1684,mp-27839
1685,mp-11281
1686,mp-19906
1687,mp-3582
1688,mp-10894
1689,mp-559959
1690,mp-30816
1691,mp-755328
1692,mp-22795
1693,mp-8003
1694,mp-11557
1695,mp-16495
1696,mp-7761
1697,mp-553932
1698,mp-1768
1699,mp-1601
1700,mp-4699
1701,mp-31277
1702,mp-505209
1703,mp-1018028
1704,mp-1462
1705,mp-1581
1706,mp-796
1707,mp-568186
1708,mp-27488
1709,mp-11220
1710,mp-10013
1711,mp-1755
1712,mp-510412
1713,mp-569344
1714,mp-2592
1715,mp-28163
1716,mp-8459
1717,mp-23211
1718,mp-2452
1719,mp-22712
1720,mp-565814
1721,mp-1030
1722,mp-3159
1723,mp-9586
1724,mp-5590
1725,mp-1104
1726,mp-1371
1727,mp-743
1728,mp-11269
1729,mp-13138
1730,mp-11465
1731,mp-10991
1732,mp-21503
1733,mp-2294
1734,mp-19740
1735,mp-570689
1736,mp-7819
1737,mp-18773
1738,mp-1342
1739,mp-20622
1740,mp-19761
1741,mp-27636
1742,mp-2379
1743,mp-600089
1744,mp-12760
1745,mp-24728
1746,mp-1818
1747,mp-2744
1748,mp-571594
1749,mp-1264
1750,mp-2513
1751,mp-4056
1752,mp-5915
1753,mp-1018087
1754,mp-22072
1755,mp-915
1756,mp-22204
1757,mp-1842
1758,mp-11328
1759,mp-23176
1760,mp-1552
1761,mp-971673
1762,mp-991
1763,mp-470
1764,mp-865
1765,mp-567191
1766,mp-4779
1767,mp-1275
1768,mp-10212
1769,mp-31168
1770,mp-22179
1771,mp-20
1772,mp-1793
1773,mp-408
1774,mp-1620
1775,mp-11957
1776,mp-2018
1777,mp-27360
1778,mp-8073
1779,mp-7589
1780,mp-29754
1781,mp-12561
1782,mp-19006
1783,mp-19052
1784,mp-10598
1785,mp-12557
1786,mp-4784
1787,mp-30683
1788,mp-3054
1789,mp-8017
1790,mp-13095
1791,mp-19330
1792,mp-643367
1793,mp-1329
1794,mp-19795
1795,mp-8415
1796,mp-22882
1797,mp-5918
1798,mp-20418
1799,mp-22862
1800,mp-581786
1801,mp-95
1802,mp-545665
1803,mp-137
1804,mp-27849
1805,mp-2317
1806,mp-669917
1807,mp-3498
1808,mp-20928
1809,mp-2354
1810,mp-11229
1811,mp-29866
1812,mp-9061
1813,mp-21850
1814,mp-27164
1815,mp-3597
1816,mp-22895
1817,mp-10140
1818,mp-22592
1819,mp-10849
1820,mp-31328
1821,mp-1841
1822,mp-22320
1823,mp-22262
1824,mp-30763
1825,mp-12962
1826,mp-1515
1827,mp-756630
1828,mp-16358
1829,mp-23183
1830,mp-2371
1831,mp-19963
1832,mp-1986
1833,mp-14091
1834,mp-5072
1835,mp-571102
1836,mp-557559
1837,mp-4192
1838,mp-21092
1839,mp-568718
1840,mp-691
1841,mp-8939
1842,mp-1019544
1843,mp-766
1844,mp-5473
1845,mp-569639
1846,mp-2554
1847,mp-22467
1848,mp-10635
1849,mp-783905
1850,mp-23060
1851,mp-20714
1852,mp-15236
1853,mp-549706
1854,mp-11958
1855,mp-9146
1856,mp-8097
1857,mp-2252
1858,mp-18928
1859,mp-1598
1860,mp-571279
1861,mp-3241
1862,mp-8818
1863,mp-1589
1864,mp-22086
1865,mp-568695
1866,mp-571126
1867,mp-19313
1868,mp-20354
1869,mp-510624
1870,mp-5292
1871,mp-1113
1872,mp-22853
1873,mp-9985
1874,mp-505562
1875,mp-15120
1876,mp-603930
1877,mp-10883
1878,mp-922
1879,mp-500
1880,mp-23804
1881,mp-568914
1882,mp-29809
1883,mp-567626
1884,mp-16501
1885,mp-829
1886,mp-10711
1887,mp-28952
1888,mp-9718
1889,mp-73
1890,mp-972228
1891,mp-9350
1892,mp-4287
1893,mp-3650
1894,mp-605034
1895,mp-5518
1896,mp-7251
1897,mp-11350
1898,mp-30485
1899,mp-583
1900,mp-20133
1901,mp-603640
1902,mp-8187
1903,mp-15778
1904,mp-31453
1905,mp-7753
1906,mp-4452
1907,mp-22312
1908,mp-23193
1909,mp-28066
1910,mp-7466
1911,mp-23797
1912,mp-11506
1913,mp-7823
1914,mp-3822
1915,mp-20528
1916,mp-29136
1917,mp-567551
1918,mp-5012
1919,mp-7436
1920,mp-11327
1921,mp-22227
1922,mp-481
1923,mp-555359
1924,mp-11361
1925,mp-19050
1926,mp-865527
1927,mp-22916
1928,mp-11272
1929,mp-31152
1930,mp-560902
1931,mp-1498
1932,mp-5176
1933,mp-8689
1934,mp-7237
1935,mp-554134
1936,mp-570287
1937,mp-29750
1938,mp-20857
1939,mp-20698
1940,mp-29476
1941,mp-5690
1942,mp-1082
1943,mp-18751
1944,mp-7904
1945,mp-862754
1946,mp-865146
1947,mp-21276
1948,mp-639789
1949,mp-6963
1950,mp-4840
1951,mp-23480
1952,mp-25
1953,mp-11806
1954,mp-21067
1955,mp-16421
1956,mp-129
1957,mp-21027
1958,mp-1089
1959,mp-567636
1960,mp-29362
1961,mp-12549
1962,mp-10608
1963,mp-1180
1964,mp-647
1965,mp-4529
1966,mp-7486
1967,mp-30820
1968,mp-20483
1969,mp-31457
1970,mp-2653
1971,mp-21464
1972,mp-555
1973,mp-672287
1974,mp-540771
1975,mp-568661
1976,mp-3103
1977,mp-1327
1978,mp-9579
1979,mp-14815
1980,mp-4864
1981,mp-20408
1982,mp-2998
1983,mp-20102
1984,mp-736
1985,mp-558928
1986,mp-13446
1987,mp-21467
1988,mp-29091
1989,mp-10614
1990,mp-10884
1991,mp-7422
1992,mp-5541
1993,mp-542569
1994,mp-571216
1995,mp-978278
1996,mp-567652
1997,mp-19356
1998,mp-7910
1999,mp-571622
2000,mp-27
2001,mp-5532
2002,mp-1594
2003,mp-567197
2004,mp-2680
2005,mp-168
2006,mp-753181
2007,mp-29973
2008,mp-19940
2009,mp-3747
2010,mp-19850
2011,mp-862679
2012,mp-13472
2013,mp-5186
2014,mp-555908
2015,mp-30563
2016,mp-3813
2017,mp-20459
2018,mp-568075
2019,mp-11387
2020,mp-19260
2021,mp-28645
2022,mp-11359
2023,mp-10455
2024,mp-28273
2025,mp-899
2026,mp-2142
2027,mp-102
2028,mp-568
2029,mp-10755
2030,mp-16522
2031,mp-573119
2032,mp-2828
2033,mp-11250
2034,mp-6986
2035,mp-6493
2036,mp-30821
2037,mp-19252
2038,mp-2534
2039,mp-22033
2040,mp-21521
2041,mp-18817
2042,mp-28283
2043,mp-546794
2044,mp-542120
2045,mp-15895
2046,mp-505540
2047,mp-22510
2048,mp-568077
2049,mp-641923
2050,mp-21306
2051,mp-11481
2052,mp-9918
2053,mp-813
2054,mp-30726
2055,mp-27989
2056,mp-2879
2057,mp-241
2058,mp-28954
2059,mp-12742
2060,mp-522
2061,mp-18971
2062,mp-10167
2063,mp-34
2064,mp-29816
2065,mp-8159
2066,mp-21371
2067,mp-1799
2068,mp-29889
2069,mp-449
2070,mp-2746
2071,mp-8606
2072,mp-547074
2073,mp-20581
2074,mp-2348
2075,mp-27726
2076,mp-22580
2077,mp-1938
2078,mp-2853
2079,mp-2404
2080,mp-2034
2081,mp-22313
2082,mp-20711
2083,mp-1860
2084,mp-8231
2085,mp-571039
2086,mp-4054
2087,mp-20155
2088,mp-559598
2089,mp-555599
2090,mp-12093
2091,mp-7917
2092,mp-30595
2093,mp-10183
2094,mp-16220
2095,mp-14587
2096,mp-28364
2097,mp-20112
2098,mp-1185
2099,mp-510657
2100,mp-672340
2101,mp-29556
2102,mp-1266
2103,mp-22514
2104,mp-550306
2105,mp-303
2106,mp-1265
2107,mp-11554
2108,mp-12766
2109,mp-615141
2110,mp-1081
2111,mp-4756
2112,mp-1575
2113,mp-19146
2114,mp-2553
2115,mp-3277
2116,mp-571059
2117,mp-9957
2118,mp-16343
2119,mp-2557
2120,mp-305
2121,mp-19133
2122,mp-19746
2123,mp-2105
2124,mp-7438
2125,mp-567996
2126,mp-20730
2127,mp-30180
2128,mp-13452
2129,mp-27456
2130,mp-3102
2131,mp-10161
2132,mp-3210
2133,mp-560553
2134,mp-70
2135,mp-547069
2136,mp-11290
2137,mp-866046
2138,mp-10055
2139,mp-2640
2140,mp-10967
2141,mp-10667
2142,mp-2697
2143,mp-739
2144,mp-2350
2145,mp-8414
2146,mp-2726
2147,mp-13094
2148,mp-23260
2149,mp-111
2150,mp-10519
2151,mp-27660
2152,mp-7400
2153,mp-2213
2154,mp-27719
2155,mp-569270
2156,mp-1472
2157,mp-20012
2158,mp-8426
2159,mp-23231
2160,mp-23051
2161,mp-605860
2162,mp-540839
2163,mp-22898
2164,mp-2395
2165,mp-557929
2166,mp-31703
2167,mp-559051
2168,mp-18918
2169,mp-30858
2170,mp-535
2171,mp-153
2172,mp-20278
2173,mp-2361
2174,mp-4156
2175,mp-866650
2176,mp-24161
2177,mp-19442
2178,mp-11489
2179,mp-541
2180,mp-10054
2181,mp-8044
2182,mp-569228
2183,mp-1252
2184,mp-570430
2185,mp-11228
2186,mp-30744
2187,mp-12595
2188,mp-628606
2189,mp-30655
2190,mp-21094
2191,mp-27181
2192,mp-669347
2193,mp-10208
2194,mp-1731
2195,mp-12696
2196,mp-4474
2197,mp-4370
2198,mp-19216
2199,mp-8182
2200,mp-90
2201,mp-2493
2202,mp-643432
2203,mp-12467
2204,mp-19717
2205,mp-649479
2206,mp-19726
2207,mp-2322
2208,mp-4584
2209,mp-3896
2210,mp-22871
2211,mp-452
2212,mp-11444
2213,mp-22137
2214,mp-27677
2215,mp-2310
2216,mp-28896
2217,mp-5492
2218,mp-971
2219,mp-925
2220,mp-20847
2221,mp-10172
2222,mp-3
2223,mp-644223
2224,mp-19728
2225,mp-555506
2226,mp-646507
2227,mp-7577
2228,mp-3671
2229,mp-1431
2230,mp-16293
2231,mp-570845
2232,mp-1359
2233,mp-1918
2234,mp-22489
2235,mp-1194
2236,mp-1332
2237,mp-697096
2238,mp-571310
2239,mp-11697
2240,mp-7068
2241,mp-625397
2242,mp-12524
2243,mp-10797
2244,mp-282
2245,mp-17524
2246,mp-13097
2247,mp-728
2248,mp-2250
2249,mp-20868
2250,mp-7364
2251,mp-351
2252,mp-5407
2253,mp-9339
2254,mp-11029
2255,mp-571428
2256,mp-567982
2257,mp-571513
2258,mp-23222
2259,mp-15641
2260,mp-472
2261,mp-15605
2262,mp-7007
2263,mp-557993
2264,mp-22434
2265,mp-18345
2266,mp-27425
2267,mp-1111
2268,mp-567772
2269,mp-23319
2270,mp-581733
2271,mp-8402
2272,mp-510409
2273,mp-6473
2274,mp-1251
2275,mp-20422
2276,mp-2323
2277,mp-20716
2278,mp-9946
2279,mp-3349
2280,mp-12772
2281,mp-5618
2282,mp-22408
2283,mp-571367
2284,mp-11790
2285,mp-16297
2286,mp-22993
2287,mp-2658
2288,mp-5504
2289,mp-10165
2290,mp-1644
2291,mp-28945
2292,mp-35276
2293,mp-7437
2294,mp-1224
2295,mp-561412
2296,mp-3388
2297,mp-18816
2298,mp-4541
2299,mp-5288
2300,mp-8208
2301,mp-8861
2302,mp-19009
2303,mp-12083
2304,mp-216
2305,mp-20832
2306,mp-19306
2307,mp-3274
2308,mp-2802
2309,mp-542640
2310,mp-638
2311,mp-16565
2312,mp-10903
2313,mp-945
2314,mp-637771
2315,mp-9986
2316,mp-1085
2317,mp-22784
2318,mp-634431
2319,mp-4276
2320,mp-6326
2321,mp-571343
2322,mp-7911
2323,mp-22617
2324,mp-3854
2325,mp-3700
2326,mp-27409
2327,mp-20856
2328,mp-13869
2329,mp-8053
2330,mp-1716
2331,mp-2884
2332,mp-10630
2333,mp-19395
2334,mp-23062
2335,mp-556101
2336,mp-19908
2337,mp-4227
2338,mp-4990
2339,mp-600428
2340,mp-19953
2341,mp-7790
2342,mp-9453
2343,mp-850
2344,mp-567431
2345,mp-1285
2346,mp-5414
2347,mp-644389
2348,mp-21347
2349,mp-2562
2350,mp-20174
2351,mp-30395
2352,mp-30661
2353,mp-13270
2354,mp-6945
2355,mp-6179
2356,mp-2136
2357,mp-51
2358,mp-1046
2359,mp-1029
2360,mp-14285
2361,mp-30635
2362,mp-546790
2363,mp-7604
2364,mp-11300
2365,mp-353
2366,mp-30767
2367,mp-1784
2368,mp-16290
2369,mp-5971
2370,mp-8790
2371,mp-3944
2372,mp-1822
2373,mp-22967
2374,mp-18893
2375,mp-27219
2376,mp-8732
2377,mp-570896
2378,mp-13090
2379,mp-20436
2380,mp-23513
2381,mp-594
2382,mp-19358
2383,mp-21096
2384,mp-23061
2385,mp-20061
2386,mp-571499
2387,mp-11293
2388,mp-30842
2389,mp-864954
2390,mp-1990
2391,mp-4342
2392,mp-1019
2393,mp-568284
2394,mp-7804
2395,mp-21163
2396,mp-10155
2397,mp-7849
2398,mp-1555
2399,mp-568789
2400,mp-581301
2401,mp-13915
2402,mp-568610
2403,mp-2731
2404,mp-20901
2405,mp-4979
2406,mp-1501
2407,mp-8207
2408,mp-505071
2409,mp-21851
2410,mp-1898
2411,mp-638729
2412,mp-22987
2413,mp-7787
2414,mp-157
2415,mp-1347
2416,mp-2403
2417,mp-9075
2418,mp-672259
2419,mp-30807
2420,mp-1056
2421,mp-697111
2422,mp-2767
2423,mp-1959
2424,mp-13079
2425,mp-3830
2426,mp-7377
2427,mp-2857
2428,mp-18337
2429,mp-5529
2430,mp-8577
2431,mp-2733
2432,mp-9225
2433,mp-505319
2434,mp-704645
2435,mp-15964
2436,mp-463
2437,mp-556125
2438,mp-19238
2439,mp-1096
2440,mp-8094
2441,mp-22474
2442,mp-9973
2443,mp-8578
2444,mp-18856
2445,mp-11486
2446,mp-16740
2447,mp-10069
2448,mp-2583
2449,mp-557257
2450,mp-1725
2451,mp-3576
2452,mp-27953
2453,mp-23195
2454,mp-21249
2455,mp-3033
2456,mp-10908
2457,mp-9473
2458,mp-4230
2459,mp-30365
2460,mp-568069
2461,mp-10181
2462,mp-7090
2463,mp-4822
2464,mp-19035
2465,mp-568137
2466,mp-3427
2467,mp-5929
2468,mp-8389
2469,mp-22607
2470,mp-29403
2471,mp-1702
2472,mp-20738
2473,mp-4627
2474,mp-2670
2475,mp-11582
2476,mp-27932
2477,mp-504543
2478,mp-23267
2479,mp-30194
2480,mp-17701
2481,mp-23268
2482,mp-31451
2483,mp-21117
2484,mp-10899
2485,mp-570256
2486,mp-11552
2487,mp-1471
2488,mp-20566
2489,mp-2263
2490,mp-1941
2491,mp-18717
2492,mp-7424
2493,mp-1235
2494,mp-13463
2495,mp-19842
2496,mp-13548
2497,mp-3207
2498,mp-570673
2499,mp-5456
2500,mp-1894
2501,mp-30234
2502,mp-2251
2503,mp-567907
2504,mp-1001835
2505,mp-213
2506,mp-613989
2507,mp-10670
2508,mp-11285
2509,mp-16366
2510,mp-8670
2511,mp-28786
2512,mp-8237
2513,mp-2330
2514,mp-569850
2515,mp-1349
2516,mp-555747
2517,mp-1294
2518,mp-23752
2519,mp-6543
2520,mp-571262
2521,mp-20279
2522,mp-16271
2523,mp-632296
2524,mp-3138
2525,mp-31496
2526,mp-579496
2527,mp-910
2528,mp-570276
2529,mp-23562
2530,mp-23684
2531,mp-10046
2532,mp-640041
2533,mp-22673
2534,mp-5126
2535,mp-15178
2536,mp-5702
2537,mp-2385
2538,mp-1638
2539,mp-643718
2540,mp-11401
2541,mp-570091
2542,mp-16514
2543,mp-29896
2544,mp-9577
2545,mp-9999
2546,mp-504697
2547,mp-580234
2548,mp-13160
2549,mp-15819
2550,mp-1018679
2551,mp-567817
2552,mp-364
2553,mp-1542
2554,mp-7692
2555,mp-252
2556,mp-4998
2557,mp-2643
2558,mp-5962
2559,mp-23053
2560,mp-12537
2561,mp-22546
2562,mp-7639
2563,mp-21255
2564,mp-19853
2565,mp-1118
2566,mp-571420
2567,mp-30930
2568,mp-20648
2569,mp-640073
2570,mp-22752
2571,mp-23317
2572,mp-16723
2573,mp-568388
2574,mp-1019584
2575,mp-20318
2576,mp-22719
2577,mp-30719
2578,mp-9830
2579,mp-3702
2580,mp-12951
2581,mp-196
2582,mp-19990
2583,mp-8041
2584,mp-31145
2585,mp-11278
2586,mp-1696
2587,mp-981
2588,mp-29146
2589,mp-4883
2590,mp-22865
2591,mp-9060
2592,mp-10092
2593,mp-4549
2594,mp-547271
2595,mp-7937
2596,mp-139
2597,mp-5794
2598,mp-19247
2599,mp-3839
2600,mp-610972
2601,mp-1400
2602,mp-14549
2603,mp-505297
2604,mp-567681
2605,mp-2987
2606,mp-643279
2607,mp-3416
2608,mp-3698
2609,mp-1954
2610,mp-568598
2611,mp-23089
2612,mp-1401
2613,mp-30651
2614,mp-16764
2615,mp-5788
2616,mp-8911
2617,mp-23715
2618,mp-2582
2619,mp-1487
2620,mp-818
2621,mp-16719
2622,mp-1866
2623,mp-253
2624,mp-14568
2625,mp-10281
2626,mp-8432
2627,mp-23353
2628,mp-246
2629,mp-19814
2630,mp-21440
2631,mp-556548
2632,mp-20382
2633,mp-2510
2634,mp-11870
2635,mp-10260
2636,mp-570557
2637,mp-20479
2638,mp-29646
2639,mp-13829
2640,mp-30449
2641,mp-29011
2642,mp-12854
2643,mp-557018
2644,mp-3574
2645,mp-2598
2646,mp-12952
2647,mp-8016
2648,mp-2058
2649,mp-841
2650,mp-6908
2651,mp-606393
2652,mp-10748
2653,mp-6669
2654,mp-2137
2655,mp-2025
2656,mp-27823
2657,mp-10240
2658,mp-22568
2659,mp-23528
2660,mp-510436
2661,mp-741
2662,mp-7592
2663,mp-2930
2664,mp-7162
2665,mp-559264
2666,mp-9884
2667,mp-30053
2668,mp-11393
2669,mp-19443
2670,mp-22682
2671,mp-24155
2672,mp-561490
2673,mp-417
2674,mp-27872
2675,mp-568803
2676,mp-11541
2677,mp-30555
2678,mp-27710
2679,mp-15722
2680,mp-8487
2681,mp-5124
2682,mp-25275
2683,mp-20790
2684,mp-5986
2685,mp-27974
2686,mp-24151
2687,mp-19284
2688,mp-4820
2689,mp-999540
2690,mp-1606
2691,mp-29733
2692,mp-31458
2693,mp-571
2694,mp-20935
2695,mp-13853
2696,mp-21297
2697,mp-1909
2698,mp-75
2699,mp-866298
2700,mp-1871
2701,mp-22859
2702,mp-17129
2703,mp-29623
2704,mp-29618
2705,mp-556424
2706,mp-12635
2707,mp-4083
2708,mp-763
2709,mp-19785
2710,mp-5632
2711,mp-29898
2712,mp-33
2713,mp-505368
2714,mp-2469
2715,mp-19198
2716,mp-13363
2717,mp-11501
2718,mp-4962
2719,mp-8976
2720,mp-10271
2721,mp-675
2722,mp-504677
2723,mp-2489
2724,mp-574283
2725,mp-1719
2726,mp-3829
2727,mp-540828
2728,mp-1514
2729,mp-1670
2730,mp-29748
2731,mp-549720
2732,mp-21075
2733,mp-1009594
2734,mp-9025
2735,mp-1367
2736,mp-18198
2737,mp-9814
2738,mp-22150
2739,mp-27712
2740,mp-19276
2741,mp-569875
2742,mp-16272
2743,mp-13520
2744,mp-29481
2745,mp-28020
2746,mp-3363
2747,mp-11580
2748,mp-995191
2749,mp-21026
2750,mp-4789
2751,mp-2152
2752,mp-4574
2753,mp-643260
2754,mp-10257
2755,mp-600561
2756,mp-9902
2757,mp-1330
2758,mp-2678
2759,mp-738
2760,mp-11517
2761,mp-20432
2762,mp-4081
2763,mp-23703
2764,mp-6996
2765,mp-569568
2766,mp-569017
2767,mp-1934
2768,mp-2574
2769,mp-7472
2770,mp-18721
2771,mp-10059
2772,mp-1007760
2773,mp-30921
2774,mp-554201
2775,mp-27678
2776,mp-27319
2777,mp-5190
2778,mp-11231
2779,mp-608
2780,mp-9550
2781,mp-19724
2782,mp-1
2783,mp-19141
2784,mp-507
2785,mp-7405
2786,mp-24082
2787,mp-20586
2788,mp-22648
2789,mp-15803
2790,mp-8623
2791,mp-11445
2792,mp-21328
2793,mp-4842
2794,mp-29308
2795,mp-1078
2796,mp-12752
2797,mp-570751
2798,mp-30892
2799,mp-15686
2800,mp-1429
2801,mp-23247
2802,mp-11287
2803,mp-16363
2804,mp-501
2805,mp-11984
2806,mp-557259
2807,mp-2151
2808,mp-22169
2809,mp-5495
2810,mp-20662
2811,mp-8630
2812,mp-894
2813,mp-7598
2814,mp-146
2815,mp-571599
2816,mp-12762
2817,mp-9575
2818,mp-9321
2819,mp-11282
2820,mp-574
2821,mp-1018022
2822,mp-334
2823,mp-2028
2824,mp-1282
2825,mp-7565
2826,mp-571222
2827,mp-18767
2828,mp-10312
2829,mp-510076
2830,mp-542909
2831,mp-13570
2832,mp-661
2833,mp-17702
2834,mp-3397
2835,mp-16260
2836,mp-1039
2837,mp-8566
2838,mp-22756
2839,mp-10877
2840,mp-22631
2841,mp-11873
2842,mp-28270
2843,mp-20605
2844,mp-610706
2845,mp-889
2846,mp-510219
2847,mp-2472
2848,mp-7048
2849,mp-2676
2850,mp-1038
2851,mp-1604
2852,mp-2715
2853,mp-1153
2854,mp-553961
2855,mp-11286
2856,mp-771
2857,mp-114
2858,mp-2455
2859,mp-639662
2860,mp-21845
2861,mp-510346
2862,mp-9953
2863,mp-568792
2864,mp-12550
2865,mp-11400
2866,mp-20489
2867,mp-568992
2868,mp-3721
2869,mp-1667
2870,mp-15687
2871,mp-10744
2872,mp-15922
2873,mp-560242
2874,mp-15845
2875,mp-646824
2876,mp-19004
2877,mp-29661
2878,mp-3208
2879,mp-11738
2880,mp-988
2881,mp-28895
2882,mp-27725
2883,mp-30759
2884,mp-909
2885,mp-20255
2886,mp-22151
2887,mp-292
2888,mp-6766
2889,mp-573697
2890,mp-12103
2891,mp-2349
2892,mp-582360
2893,mp-2173
2894,mp-8085
2895,mp-9029
2896,mp-20905
2897,mp-2125
2898,mp-999198
2899,mp-18968
2900,mp-22156
2901,mp-49
2902,mp-23259
2903,mp-30570
2904,mp-4662
2905,mp-567809
2906,mp-16718
2907,mp-8864
2908,mp-13154
2909,mp-760
2910,mp-1062
2911,mp-1914
2912,mp-7781
2913,mp-2301
2914,mp-11522
2915,mp-2221
2916,mp-7440
2917,mp-20225
2918,mp-10909
2919,mp-10057
2920,mp-20618
2921,mp-3522
2922,mp-7232
2923,mp-1451
2924,mp-1441
2925,mp-545467
2926,mp-559676
2927,mp-2593
2928,mp-553946
2929,mp-11209
2930,mp-3299
2931,mp-8458
2932,mp-1087
2933,mp-2201
2934,mp-730
2935,mp-28024
2936,mp-3323
2937,mp-2630
2938,mp-19281
2939,mp-10408
2940,mp-542316
2941,mp-8978
2942,mp-618991
2943,mp-23044
2944,mp-603
2945,mp-779689
2946,mp-774
2947,mp-644497
2948,mp-279
2949,mp-2955
2950,mp-22498
2951,mp-10033
2952,mp-570835
2953,mp-22909
2954,mp-20059
2955,mp-438
2956,mp-568711
2957,mp-5676
2958,mp-30883
2959,mp-8615
2960,mp-567842
2961,mp-21294
2962,mp-569628
2963,mp-20516
2964,mp-2698
2965,mp-892
2966,mp-21926
2967,mp-685022
2968,mp-14476
2969,mp-1424
2970,mp-18427
2971,mp-1808
2972,mp-42
2973,mp-250
2974,mp-18924
2975,mp-5782
2976,mp-27462
2977,mp-7463
2978,mp-10219
2979,mp-11573
2980,mp-548
2981,mp-31138
2982,mp-15684
2983,mp-11514
2984,mp-569484
2985,mp-567580
2986,mp-10266
2987,mp-505782
2988,mp-20892
2989,mp-29398
2990,mp-16115
2991,mp-315
2992,mp-10675
2993,mp-10163
2994,mp-607475
2995,mp-11263
2996,mp-19003
2997,mp-1373
2998,mp-864645
2999,mp-8842
3000,mp-30819
3001,mp-27138
3002,mp-3499
3003,mp-569526
3004,mp-20697
3005,mp-568974
3006,mp-2168
3007,mp-21040
3008,mp-20943
3009,mp-4748
3010,mp-569125
3011,mp-10848
3012,mp-101
3013,mp-10026
3014,mp-555370
3015,mp-2180
3016,mp-30818
3017,mp-19201
3018,mp-31031
3019,mp-28901
3020,mp-1699
3021,mp-5558
3022,mp-571264
3023,mp-1269
3024,mp-649774
3025,mp-1526
3026,mp-23209
3027,mp-18759
3028,mp-669918
3029,mp-2749
3030,mp-21873
3031,mp-1352
3032,mp-14168
3033,mp-21012
3034,mp-561480
3035,mp-3539
3036,mp-21855
3037,mp-22917
3038,mp-941221
3039,mp-11800
3040,mp-7927
3041,mp-1033
3042,mp-13868
3043,mp-20249
3044,mp-571638
3045,mp-8462
3046,mp-871
3047,mp-14088
3048,mp-2663
3049,mp-2705
3050,mp-430
3051,mp-560399
3052,mp-567505
3053,mp-30080
3054,mp-558137
3055,mp-27363
3056,mp-31169
3057,mp-76
3058,mp-23305
3059,mp-5501
3060,mp-1281
3061,mp-22908
3062,mp-2418
3063,mp-9880
3064,mp-21907
3065,mp-13089
3066,mp-11869
3067,mp-27545
3068,mp-30536
3069,mp-361
3070,mp-2367
3071,mp-1438
3072,mp-19421
3073,mp-1671
3074,mp-30405
3075,mp-20805
3076,mp-23486
3077,mp-16528
3078,mp-1880
3079,mp-11322
3080,mp-31518
3081,mp-2540
3082,mp-1677
3083,mp-30057
3084,mp-567889
3085,mp-112
3086,mp-1868
3087,mp-30834
3088,mp-4953
3089,mp-2065
3090,mp-30768
3091,mp-2260
3092,mp-510589
3093,mp-4524
3094,mp-505110
3095,mp-620571
3096,mp-1014
3097,mp-2243
3098,mp-554462
3099,mp-16491
3100,mp-4630
3101,mp-1491
3102,mp-18057
3103,mp-6938
3104,mp-23558
3105,mp-15988
3106,mp-7226
3107,mp-10000
3108,mp-510598
3109,mp-1483
3110,mp-755882
3111,mp-11038
3112,mp-4771
3113,mp-29633
3114,mp-6812
3115,mp-22633
3116,mp-573658
3117,mp-15113
3118,mp-30773
3119,mp-571203
3120,mp-12675
3121,mp-7426
3122,mp-567366
3123,mp-1609
3124,mp-12411
3125,mp-31460
3126,mp-4661
3127,mp-2343
3128,mp-30355
3129,mp-7812
3130,mp-11621
3131,mp-23856
3132,mp-554278
3133,mp-30572
3134,mp-644607
3135,mp-13276
3136,mp-558378
3137,mp-2685
3138,mp-623646
3139,mp-623134
3140,mp-21024
3141,mp-546125
3142,mp-30587
3143,mp-801
3144,mp-567832
3145,mp-23164
3146,mp-4909
3147,mp-1735
3148,mp-20541
3149,mp-567503
3150,mp-3470
3151,mp-21017
3152,mp-30866
3153,mp-19128
3154,mp-1315
3155,mp-4364
3156,mp-20745
3157,mp-20180
3158,mp-861
3159,mp-27834
3160,mp-1335
3161,mp-23013
3162,mp-7467
3163,mp-7608
3164,mp-1502
3165,mp-27979
3166,mp-12087
3167,mp-1910
3168,mp-558579
3169,mp-542896
3170,mp-3934
3171,mp-12779
3172,mp-31072
3173,mp-22736
3174,mp-623
3175,mp-2398
3176,mp-21275
3177,mp-5244
3178,mp-10125
3179,mp-3834
3180,mp-3032
3181,mp-568280
3182,mp-4112
3183,mp-12990
3184,mp-12759
3185,mp-565
3186,mp-1994
3187,mp-22693
3188,mp-12751
3189,mp-18265
3190,mp-570832
3191,mp-8045
3192,mp-23291
3193,mp-1563
3194,mp-4152
3195,mp-2693
3196,mp-26
3197,mp-29806
3198,mp-20066
3199,mp-570886
3200,mp-7575
3201,mp-753
3202,mp-16960
3203,mp-569807
3204,mp-557772
3205,mp-1664
3206,mp-381
3207,mp-4064
3208,mp-22792
3209,mp-13964
3210,mp-5372
3211,mp-20337
3212,mp-19722
3213,mp-2949
3214,mp-620054
3215,mp-4321
3216,mp-11464
3217,mp-28448
3218,mp-20028
3219,mp-29135
3220,mp-23280
3221,mp-427
3222,mp-7623
3223,mp-24428
3224,mp-4030
3225,mp-7573
3226,mp-20539
3227,mp-17045
3228,mp-1486
3229,mp-150
3230,mp-1780
3231,mp-1783
3232,mp-12741
3233,mp-13503
3234,mp-11453
3235,mp-4828
3236,mp-13682
3237,mp-266
3238,mp-684663
3239,mp-30494
3240,mp-3020
3241,mp-11822
3242,mp-18513
3243,mp-5342
3244,mp-2327
3245,mp-7066
3246,mp-38280
3247,mp-556742
3248,mp-4673
3249,mp-21171
3250,mp-27971
3251,mp-24668
3252,mp-2199
3253,mp-5350
3254,mp-3988
3255,mp-1249
3256,mp-20334
3257,mp-541404
3258,mp-10437
3259,mp-14070
3260,mp-1595
3261,mp-19929
3262,mp-2444
3263,mp-29379
3264,mp-628
3265,mp-214
3266,mp-2027
3267,mp-20369
3268,mp-7930
3269,mp-11388
3270,mp-416
3271,mp-561419
3272,mp-570112
3273,mp-1840
3274,mp-3094
3275,mp-28884
3276,mp-16236
3277,mp-9247
3278,mp-31171
3279,mp-571163
3280,mp-567412
3281,mp-30789
3282,mp-5486
3283,mp-1474
3284,mp-20557
3285,mp-11507
3286,mp-1646
3287,mp-1147
3288,mp-562561
3289,mp-20004
3290,mp-23155
3291,mp-4720
3292,mp-5777
3293,mp-11583
3294,mp-17967
3295,mp-15896
3296,mp-22283
3297,mp-29520
3298,mp-131
3299,mp-22608
3300,mp-1146
3301,mp-193
3302,mp-610517
3303,mp-30177
3304,mp-87
3305,mp-2612
3306,mp-1336
3307,mp-350
3308,mp-22934
3309,mp-5778
3310,mp-13686
3311,mp-1042
3312,mp-10662
3313,mp-3078
3314,mp-16305
3315,mp-18740
3316,mp-352
3317,mp-571011
3318,mp-17275
3319,mp-5158
3320,mp-1361
3321,mp-1008487
3322,mp-22896
3323,mp-4198
3324,mp-8605
3325,mp-10824
3326,mp-23137
3327,mp-15617
3328,mp-556562
3329,mp-10910
3330,mp-12137
3331,mp-8418
3332,mp-2910
3333,mp-11818
3334,mp-19385
3335,mp-21
3336,mp-30338
3337,mp-23189
3338,mp-27691
3339,mp-3924
3340,mp-30073
3341,mp-31498
3342,mp-18748
3343,mp-9472
3344,mp-30591
3345,mp-3805
3346,mp-567345
3347,mp-22991
3348,mp-567164
3349,mp-3497
3350,mp-569066
3351,mp-24045
3352,mp-1944
3353,mp-5347
3354,mp-8804
3355,mp-20146
3356,mp-1791
3357,mp-12769
3358,mp-3031
3359,mp-11809
3360,mp-5146
3361,mp-2280
3362,mp-644280
3363,mp-20826
3364,mp-10924
3365,mp-2758
3366,mp-4728
3367,mp-8439
3368,mp-540685
3369,mp-7948
3370,mp-19821
3371,mp-555321
3372,mp-4897
3373,mp-8236
3374,mp-546989
3375,mp-20589
3376,mp-12684
3377,mp-556777
3378,mp-9289
3379,mp-542583
3380,mp-27863
3381,mp-20679
3382,mp-504600
3383,mp-423
3384,mp-5221
3385,mp-30363
3386,mp-21237
3387,mp-569535
3388,mp-4076
3389,mp-9922
3390,mp-4744
3391,mp-20243
3392,mp-284
3393,mp-569267
3394,mp-541753
3395,mp-875
3396,mp-2652
3397,mp-47
3398,mp-27693
3399,mp-568936
3400,mp-256
3401,mp-569753
3402,mp-20196
3403,mp-20521
3404,mp-19735
3405,mp-375
3406,mp-2176
3407,mp-22888
3408,mp-1523
3409,mp-27841
3410,mp-1378
3411,mp-4899
3412,mp-12546
3413,mp-505517
3414,mp-7142
3415,mp-545482
3416,mp-11277
3417,mp-568671
3418,mp-21495
3419,mp-10343
3420,mp-4604
3421,mp-10076
3422,mp-21883
3423,mp-31438
3424,mp-2450
3425,mp-31148
3426,mp-10695
3427,mp-84
3428,mp-2560
3429,mp-24659
3430,mp-239
3431,mp-510670
3432,mp-5443
3433,mp-27848
3434,mp-1418
3435,mp-4656
3436,mp-950995
3437,mp-12385
3438,mp-568404
3439,mp-2071
3440,mp-13240
3441,mp-1573
3442,mp-10873
3443,mp-30739
3444,mp-30459
3445,mp-15657
3446,mp-10136
3447,mp-1172
3448,mp-19893
3449,mp-2090
3450,mp-30876
3451,mp-20098
3452,mp-27897
3453,mp-5019
3454,mp-3635
3455,mp-1798
3456,mp-27747
3457,mp-4009
3458,mp-30460
3459,mp-902
3460,mp-1022
3461,mp-510404
3462,mp-3345
3463,mp-1779
3464,mp-4955
3465,mp-542595
3466,mp-389
3467,mp-1708
3468,mp-571030
3469,mp-5839
3470,mp-14069
3471,mp-20800
3472,mp-11520
3473,mp-643273
3474,mp-27226
3475,mp-567789
3476,mp-570904
3477,mp-10113
3478,mp-5723
3479,mp-10846
3480,mp-570691
3481,mp-556447
3482,mp-2808
3483,mp-1008500
3484,mp-16566
3485,mp-113
3486,mp-2781
3487,mp-7262
3488,mp-30658
3489,mp-3432
3490,mp-9173
3491,mp-812
3492,mp-22346
3493,mp-20325
3494,mp-569794
3495,mp-542488
3496,mp-568809
3497,mp-12867
3498,mp-12108
3499,mp-30954
3500,mp-568565
3501,mp-1641
3502,mp-10025
3503,mp-13725
3504,mp-568419
3505,mp-3271
3506,mp-7080
3507,mp-7650
3508,mp-19138
3509,mp-4666
3510,mp-20536
3511,mp-19876
3512,mp-935811
3513,mp-9177
3514,mp-12798
3515,mp-11455
3516,mp-9295
3517,mp-3448
3518,mp-22646
3519,mp-22275
3520,mp-1219
3521,mp-29736
3522,mp-5159
3523,mp-27194
3524,mp-3136
3525,mp-4
3526,mp-8306
3527,mp-27321
3528,mp-20883
3529,mp-4051
3530,mp-16648
3531,mp-10692
3532,mp-22700
3533,mp-1919
3534,mp-18949
3535,mp-1028
3536,mp-22418
3537,mp-712
3538,mp-11644
3539,mp-1973
3540,mp-2212
3541,mp-22692
3542,mp-1648
3543,mp-7559
3544,mp-1019509
3545,mp-978275
3546,mp-600125
3547,mp-19241
3548,mp-2103
3549,mp-571211
3550,mp-11248
3551,mp-4893
3552,mp-9919
3553,mp-5652
3554,mp-30850
3555,mp-31348
3556,mp-2128
3557,mp-605
3558,mp-74
3559,mp-20335
3560,mp-54
3561,mp-10911
3562,mp-1458
3563,mp-13963
3564,mp-2369
3565,mp-259
3566,mp-30481
3567,mp-27148
3568,mp-20211
3569,mp-1569
3570,mp-551741
3571,mp-8335
3572,mp-7596
3573,mp-1399
3574,mp-676
3575,mp-13010
3576,mp-13590
3577,mp-30161
3578,mp-22055
3579,mp-12107
3580,mp-557233
3581,mp-7876
3582,mp-132
3583,mp-542090
3584,mp-998860
3585,mp-561203
3586,mp-30836
3587,mp-570826
3588,mp-3654
3589,mp-10904
3590,mp-23560
3591,mp-1823
3592,mp-11490
3593,mp-1068
3594,mp-31038
3595,mp-1055
3596,mp-30603
3597,mp-12814
3598,mp-5409
3599,mp-9371
3600,mp-924130
3601,mp-7506
3602,mp-557686
3603,mp-12665
3604,mp-639910
3605,mp-556550
3606,mp-21069
3607,mp-13272
3608,mp-28614
3609,mp-19862
3610,mp-23221
3611,mp-30657
3612,mp-644483
3613,mp-23866
3614,mp-3657
3615,mp-21167
3616,mp-20952
3617,mp-556034
3618,mp-16364
3619,mp-7875
3620,mp-23177
3621,mp-2659
3622,mp-1239
3623,mp-10739
3624,mp-936
3625,mp-32
3626,mp-10003
3627,mp-22503
3628,mp-5853
3629,mp-19845
3630,mp-643002
3631,mp-11503
3632,mp-504741
3633,mp-9744
3634,mp-567967
3635,mp-2647
3636,mp-3589
3637,mp-569426
3638,mp-1683
3639,mp-7188
3640,mp-22260
3641,mp-12697
3642,mp-9631
3643,mp-92
3644,mp-4908
3645,mp-331
3646,mp-7926
3647,mp-20619
3648,mp-21345
3649,mp-2157
3650,mp-28049
3651,mp-13962
3652,mp-8098
3653,mp-569249
3654,mp-14793
3655,mp-492
3656,mp-3201
3657,mp-2845
3658,mp-28231
3659,mp-10148
3660,mp-17413
3661,mp-20545
3662,mp-20599
3663,mp-3098
3664,mp-12693
3665,mp-1746
3666,mp-484
3667,mp-20621
3668,mp-27562
3669,mp-20027
3670,mp-12666
3671,mp-557713
3672,mp-30593
3673,mp-9391
3674,mp-542915
3675,mp-16321
3676,mp-28592
3677,mp-19407
3678,mp-3668
3679,mp-30151
3680,mp-2247
3681,mp-9517
3682,mp-25469
3683,mp-1773
3684,mp-140
3685,mp-560878
3686,mp-19183
3687,mp-7591
3688,mp-20443
3689,mp-13136
3690,mp-3385
3691,mp-1190
3692,mp-17695
3693,mp-374
3694,mp-1326
3695,mp-31160
3696,mp-10649
3697,mp-1321
3698,mp-631
3699,mp-30846
3700,mp-6764
3701,mp-2567
3702,mp-569408
3703,mp-27838
3704,mp-644424
3705,mp-22297
3706,mp-944
3707,mp-3104
3708,mp-2977
3709,mp-30347
3710,mp-5075
3711,mp-952
3712,mp-567871
3713,mp-1519
3714,mp-540
3715,mp-3998
3716,mp-23202
3717,mp-11826
3718,mp-20033
3719,mp-255
3720,mp-556646
3721,mp-7955
3722,mp-21340
3723,mp-23954
3724,mp-1925
3725,mp-22739
3726,mp-23288
3727,mp-3587
3728,mp-22626
3729,mp-12571
3730,mp-3173
3731,mp-546011
3732,mp-16245
3733,mp-2696
3734,mp-27253
3735,mp-20452
3736,mp-540584
3737,mp-18835
3738,mp-8
3739,mp-19713
3740,mp-31147
3741,mp-10044
3742,mp-3933
3743,mp-20865
3744,mp-3679
3745,mp-20194
3746,mp-4593
3747,mp-643101
3748,mp-2780
3749,mp-3155
3750,mp-7173
3751,mp-2672
3752,mp-18525
3753,mp-561258
3754,mp-556927
3755,mp-20440
3756,mp-5077
3757,mp-22120
3758,mp-2059
3759,mp-11549
3760,mp-13364
3761,mp-7302
3762,mp-570483
3763,mp-11567
3764,mp-21273
3765,mp-556911
3766,mp-19177
3767,mp-20828
3768,mp-998
3769,mp-21422
3770,mp-644500
3771,mp-602
3772,mp-569603
3773,mp-3740
3774,mp-13572
3775,mp-19387
3776,mp-12266
3777,mp-19102
3778,mp-15985
3779,mp-16497
3780,mp-12961
3781,mp-1949
3782,mp-4536
3783,mp-2305
3784,mp-13277
3785,mp-819
3786,mp-24726
3787,mp-2399
3788,mp-554689
3789,mp-18707
3790,mp-22095
3791,mp-569051
3792,mp-567612
3793,mp-13208
3794,mp-1597
3795,mp-7006
3796,mp-4901
3797,mp-20395
3798,mp-568424
3799,mp-9172
3800,mp-567097
3801,mp-2667
3802,mp-5238
3803,mp-10469
3804,mp-432
3805,mp-12079
3806,mp-505780
3807,mp-22025
3808,mp-17544
3809,mp-5104
3810,mp-22875
3811,mp-510380
3812,mp-365
3813,mp-22271
3814,mp-18316
3815,mp-567705
3816,mp-19219
3817,mp-758104
3818,mp-953
3819,mp-13495
3820,mp-865625
3821,mp-20944
3822,mp-2762
3823,mp-2516
3824,mp-30840
3825,mp-32539
3826,mp-10293
3827,mp-561317
3828,mp-5137
3829,mp-7433
3830,mp-28692
3831,mp-2062
3832,mp-30465
3833,mp-729
3834,mp-4252
3835,mp-30682
3836,mp-7089
3837,mp-36
3838,mp-715
3839,mp-21359
3840,mp-555434
3841,mp-20363
3842,mp-30648
3843,mp-288
3844,mp-4255
3845,mp-3250
3846,mp-5756
3847,mp-567749
3848,mp-103
3849,mp-540791
3850,mp-19789
3851,mp-6668
3852,mp-1108
3853,mp-568273
3854,mp-333
3855,mp-21469
3856,mp-404
3857,mp-7421
3858,mp-28391
3859,mp-7631
3860,mp-2187
3861,mp-19877
3862,mp-10166
3863,mp-1025170
3864,mp-2254
3865,mp-11407
3866,mp-540809
3867,mp-1256
3868,mp-15963
3869,mp-23192
3870,mp-614185
3871,mp-30785
3872,mp-23244
3873,mp-230
3874,mp-22284
3875,mp-569054
3876,mp-16526
3877,mp-8307
3878,mp-30160
3879,mp-30849
3880,mp-363
3881,mp-7557
3882,mp-555929
3883,mp-4846
3884,mp-862
3885,mp-28810
3886,mp-642644
3887,mp-20228
3888,mp-3732
3889,mp-19418
3890,mp-23255
3891,mp-7443
3892,mp-567841
3893,mp-30999
3894,mp-786
3895,mp-979
3896,mp-265
3897,mp-31339
3898,mp-8484
3899,mp-570454
3900,mp-1317
3901,mp-5489
3902,mp-11202
3903,mp-11700
3904,mp-13914
3905,mp-5910
3906,mp-1797
3907,mp-570558
3908,mp-7189
3909,mp-6613
3910,mp-16548
3911,mp-31120
3912,mp-21476
3913,mp-27707
3914,mp-10746
3915,mp-621348
3916,mp-9486
3917,mp-9124
3918,mp-17518
3919,mp-9987
3920,mp-20664
3921,mp-10671
3922,mp-2664
3923,mp-30156
3924,mp-3536
3925,mp-9244
3926,mp-8212
3927,mp-570923
3928,mp-7497
3929,mp-5749
3930,mp-127
3931,mp-2657
3932,mp-20086
3933,mp-30490
3934,mp-67
3935,mp-14089
3936,mp-18762
3937,mp-690785
3938,mp-1020
3939,mp-7083
3940,mp-11566
3941,mp-27768
3942,mp-30981
3943,mp-22811
3944,mp-11531
3945,mp-10200
3946,mp-12532
3947,mp-12806
3948,mp-8161
3949,mp-21418
3950,mp-4571
3951,mp-556194
3952,mp-570229
3953,mp-7192
3954,mp-4300
3955,mp-18807
3956,mp-2614
3957,mp-17443
3958,mp-27255
3959,mp-28793
3960,mp-20900
3961,mp-22302
3962,mp-11750
3963,mp-8456
3964,mp-23330
3965,mp-2258
3966,mp-553939
3967,mp-10381
3968,mp-488
3969,mp-4448
3970,mp-4475
3971,mp-2275
3972,mp-9223
3973,mp-20974
3974,mp-643989
3975,mp-505212
3976,mp-22977
3977,mp-22444
3978,mp-11284
3979,mp-505042
3980,mp-7473
3981,mp-22304
3982,mp-2229
3983,mp-22036
3984,mp-8062
3985,mp-20147
3986,mp-20744
3987,mp-569837
3988,mp-31059
3989,mp-2752
3990,mp-648
3991,mp-8868
3992,mp-2019
3993,mp-13453
3994,mp-9262
3995,mp-9942
3996,mp-2078
3997,mp-5078
3998,mp-13683
3999,mp-22309
4000,mp-16523
4001,mp-675626
4002,mp-21215
4003,mp-23037
4004,mp-8033
4005,mp-10394
4006,mp-2481
4007,mp-149
4008,mp-606949
4009,mp-567181
4010,mp-22367
4011,mp-10527
4012,mp-991676
4013,mp-19326
4014,mp-10850
4015,mp-30301
4016,mp-539
4017,mp-1018732
4018,mp-2572
4019,mp-2706
4020,mp-21008
4021,mp-570506
4022,mp-672254
4023,mp-22050
4024,mp-22790
4025,mp-27381
4026,mp-568333
4027,mp-567618
4028,mp-30443
4029,mp-437
4030,mp-28783
4031,mp-2207
4032,mp-636599
4033,mp-31510
4034,mp-7187
4035,mp-2126
4036,mp-2741
4037,mp-23959
4038,mp-10470
4039,mp-30797
4040,mp-12956
4041,mp-20949
4042,mp-1069
4043,mp-368
4044,mp-12109
4045,mp-22996
4046,mp-5373
4047,mp-9212
4048,mp-3602
4049,mp-16521
4050,mp-23184
4051,mp-27512
4052,mp-10374
4053,mp-16356
4054,mp-886
4055,mp-2091
4056,mp-1025517
4057,mp-1849
4058,mp-22490
4059,mp-10052
4060,mp-9381
4061,mp-13444
4062,mp-984
4063,mp-592
4064,mp-1019362
4065,mp-18300
4066,mp-20265
4067,mp-1476
4068,mp-3034
4069,mp-505803
4070,mp-19817
4071,mp-4992
4072,mp-1174
4073,mp-19983
4074,mp-15837
4075,mp-3938
4076,mp-5538
4077,mp-11696
4078,mp-504731
4079,mp-7938
4080,mp-570428
4081,mp-555934
4082,mp-3963
4083,mp-7947
4084,mp-1627
4085,mp-24834
4086,mp-28927
4087,mp-19311
4088,mp-23265
4089,mp-3676
4090,mp-1756
4091,mp-27335
4092,mp-9664
4093,mp-10284
4094,mp-22793
4095,mp-22152
4096,mp-564
4097,mp-510691
4098,mp-19991
4099,mp-28
4100,mp-18778
4101,mp-1903
4102,mp-19970
4103,mp-1836
4104,mp-11449
4105,mp-8023
4106,mp-13171
4107,mp-5193
4108,mp-10157
4109,mp-28336
4110,mp-29175
4111,mp-1157
4112,mp-19142
4113,mp-19971
4114,mp-616559
4115,mp-696752
4116,mp-189
4117,mp-10245
4118,mp-20181
4119,mp-30867
4120,mp-1989
4121,mp-6947
4122,mp-30787
4123,mp-622209
4124,mp-31456
4125,mp-22876
4126,mp-19870
4127,mp-1984
4128,mp-20724
4129,mp-3595
4130,mp-2237
4131,mp-11366
4132,mp-570657
4133,mp-15724
4134,mp-19156
4135,mp-12593
4136,mp-567981
4137,mp-23230
4138,mp-31452
4139,mp-581833
4140,mp-8843
4141,mp-570199
4142,mp-2533
4143,mp-9208
4144,mp-570935
4145,mp-30438
4146,mp-561830
4147,mp-1203
4148,mp-2743
4149,mp-1869
4150,mp-21489
4151,mp-22289
4152,mp-30737
4153,mp-5014
4154,mp-569775
4155,mp-568328
4156,mp-4391
4157,mp-510408
4158,mp-2337
4159,mp-10676
4160,mp-23052
4161,mp-12521
4162,mp-30817
4163,mp-9939
4164,mp-1123
4165,mp-22905
4166,mp-7583
4167,mp-2851
4168,mp-3871
4169,mp-22341
4170,mp-1960
4171,mp-16482
4172,mp-30805
4173,mp-680677
4174,mp-2345
4175,mp-401
4176,mp-29674
4177,mp-567276
4178,mp-2507
4179,mp-1608
4180,mp-22919
4181,mp-2460
4182,mp-7288
4183,mp-11807
4184,mp-8983
4185,mp-20849
4186,mp-643409
4187,mp-3378
4188,mp-12086
4189,mp-28919
4190,mp-23737
4191,mp-20897
4192,mp-22913
4193,mp-556961
4194,mp-27579
4195,mp-11695
4196,mp-4875
4197,mp-510430
4198,mp-20741
4199,mp-446
4200,mp-556235
4201,mp-15776
4202,mp-2605
4203,mp-10180
4204,mp-28770
4205,mp-30493
4206,mp-8943
4207,mp-4930
4208,mp-1070
4209,mp-18724
4210,mp-31186
4211,mp-22461
4212,mp-893
4213,mp-640889
4214,mp-3660
4215,mp-7918
4216,mp-11959
4217,mp-1883
4218,mp-12265
4219,mp-644264
4220,mp-11572
4221,mp-4419
4222,mp-11504
4223,mp-2097
4224,mp-2039
4225,mp-29088
4226,mp-20344
4227,mp-4500
4228,mp-13434
4229,mp-19935
4230,mp-29455
4231,mp-30483
4232,mp-1782
4233,mp-25279
4234,mp-2797
4235,mp-7298
4236,mp-14338
4237,mp-1933
4238,mp-1404
4239,mp-3372
4240,mp-21508
4241,mp-22056
4242,mp-1412
4243,mp-1043
4244,mp-569833
4245,mp-11382
4246,mp-5318
4247,mp-504552
4248,mp-3762
4249,mp-6304
4250,mp-23067
4251,mp-20757
4252,mp-504659
4253,mp-406
4254,mp-11276
4255,mp-7130
4256,mp-10030
4257,mp-30183
4258,mp-10149
4259,mp-11329
4260,mp-29652
4261,mp-10244
4262,mp-559
4263,mp-11230
4264,mp-804
4265,mp-30366
4266,mp-23313
4267,mp-558781
4268,mp-20144
4269,mp-1156
4270,mp-8624
4271,mp-11239
4272,mp-2760
4273,mp-29356
4274,mp-718
4275,mp-7228
4276,mp-12520
4277,mp-28782
4278,mp-15669
4279,mp-31379
4280,mp-8938
4281,mp-9437
4282,mp-644136
4283,mp-618309
4284,mp-20296
4285,mp-1565
4286,mp-865747
4287,mp-10086
4288,mp-30404
4289,mp-839
4290,mp-20787
4291,mp-21078
4292,mp-8996
4293,mp-20268
4294,mp-10154
4295,mp-19784
4296,mp-19793
4297,mp-12724
4298,mp-569624
4299,mp-554352
4300,mp-20525
4301,mp-3504
4302,mp-558400
4303,mp-31172
4304,mp-11770
4305,mp-2488
4306,mp-636368
4307,mp-1873
4308,mp-555403
4309,mp-22287
4310,mp-1216
4311,mp-1490
4312,mp-22966
4313,mp-2783
4314,mp-78
4315,mp-23713
4316,mp-552454
4317,mp-20466
4318,mp-1168
4319,mp-8973
4320,mp-27850
4321,mp-20311
4322,mp-2231
4323,mp-30790
4324,mp-19390
4325,mp-10139
4326,mp-541825
4327,mp-20305
4328,mp-11279
4329,mp-7457
4330,mp-5122
4331,mp-5606
4332,mp-21236
4333,mp-24084
4334,mp-10721
4335,mp-8221
4336,mp-557403
4337,mp-21894
4338,mp-1578
4339,mp-568306
4340,mp-662
4341,mp-343
4342,mp-930
4343,mp-13801
4344,mp-1339
4345,mp-5166
4346,mp-18779
4347,mp-553243
4348,mp-7474
4349,mp-19017
4350,mp-12029
4351,mp-10760
4352,mp-17848
4353,mp-30336
